{
  "duration_s": 10.0,
  "video_width": 640,
  "video_height": 480,
  "fps": 30,
  "start_x_m": 0.0,
  "end_x_m": 1.073961509143627,
  "avg_forward_speed_mps": 0.10739615091436269,
  "final_forward_speed_mps": 0.11367372161825147,
  "min_pelvis_height_m": 0.778786300025082,
  "max_abs_pitch_rad": 0.17885343739481752,
  "max_abs_roll_rad": 0.10883817312479252,
  "max_abs_external_force_or_torque": 0.0,
  "model_path": "models/mujoco_menagerie/unitree_g1/scene.xml",
  "actuator_signature": {
    "ctrlrange": [
      [
        -2.5307,
        2.8798
      ],
      [
        -0.5236000000000001,
        2.9671
      ],
      [
        -2.7576,
        2.7576
      ],
      [
        -0.0872670000000002,
        2.8798
      ],
      [
        -0.87267,
        0.5236
      ],
      [
        -0.2618,
        0.2618
      ],
      [
        -2.5307,
        2.8798
      ],
      [
        -2.9671,
        0.5236000000000001
      ],
      [
        -2.7576,
        2.7576
      ],
      [
        -0.0872670000000002,
        2.8798
      ],
      [
        -0.87267,
        0.5236
      ],
      [
        -0.2618,
        0.2618
      ],
      [
        -2.618,
        2.618
      ],
      [
        -0.52,
        0.52
      ],
      [
        -0.52,
        0.52
      ],
      [
        -3.0892,
        2.6704
      ],
      [
        -1.5882,
        2.2515
      ],
      [
        -2.618,
        2.618
      ],
      [
        -1.0471999999999997,
        2.0944
      ],
      [
        -1.97222,
        1.97222
      ],
      [
        -1.61443,
        1.61443
      ],
      [
        -1.61443,
        1.61443
      ],
      [
        -3.0892,
        2.6704
      ],
      [
        -2.2515,
        1.5882
      ],
      [
        -2.618,
        2.618
      ],
      [
        -1.0471999999999997,
        2.0944
      ],
      [
        -1.97222,
        1.97222
      ],
      [
        -1.61443,
        1.61443
      ],
      [
        -1.61443,
        1.61443
      ]
    ],
    "gainprm_first3": [
      [
        500.0,
        0.0,
        0.0
      ],
      [
        500.0,
        0.0,
        0.0
      ],
      [
        500.0,
        0.0,
        0.0
      ],
      [
        500.0,
        0.0,
        0.0
      ],
      [
        500.0,
        0.0,
        0.0
      ],
      [
        500.0,
        0.0,
        0.0
      ],
      [
        500.0,
        0.0,
        0.0
      ],
      [
        500.0,
        0.0,
        0.0
      ],
      [
        500.0,
        0.0,
        0.0
      ],
      [
        500.0,
        0.0,
        0.0
      ],
      [
        500.0,
        0.0,
        0.0
      ],
      [
        500.0,
        0.0,
        0.0
      ],
      [
        500.0,
        0.0,
        0.0
      ],
      [
        500.0,
        0.0,
        0.0
      ],
      [
        500.0,
        0.0,
        0.0
      ],
      [
        500.0,
        0.0,
        0.0
      ],
      [
        500.0,
        0.0,
        0.0
      ],
      [
        500.0,
        0.0,
        0.0
      ],
      [
        500.0,
        0.0,
        0.0
      ],
      [
        500.0,
        0.0,
        0.0
      ],
      [
        500.0,
        0.0,
        0.0
      ],
      [
        500.0,
        0.0,
        0.0
      ],
      [
        500.0,
        0.0,
        0.0
      ],
      [
        500.0,
        0.0,
        0.0
      ],
      [
        500.0,
        0.0,
        0.0
      ],
      [
        500.0,
        0.0,
        0.0
      ],
      [
        500.0,
        0.0,
        0.0
      ],
      [
        500.0,
        0.0,
        0.0
      ],
      [
        500.0,
        0.0,
        0.0
      ]
    ],
    "biasprm_first3": [
      [
        0.0,
        -500.0,
        -43.01068275990197
      ],
      [
        0.0,
        -500.0,
        -39.58520583750572
      ],
      [
        0.0,
        -500.0,
        -9.831503737481297
      ],
      [
        0.0,
        -500.0,
        -15.84701068264383
      ],
      [
        0.0,
        -500.0,
        -5.055168252967321
      ],
      [
        0.0,
        -500.0,
        -4.557878078967013
      ],
      [
        0.0,
        -500.0,
        -43.01068317743058
      ],
      [
        0.0,
        -500.0,
        -39.58598368471193
      ],
      [
        0.0,
        -500.0,
        -9.828373554924807
      ],
      [
        0.0,
        -500.0,
        -15.847011815866388
      ],
      [
        0.0,
        -500.0,
        -5.055168252967321
      ],
      [
        0.0,
        -500.0,
        -4.557878078967004
      ],
      [
        0.0,
        -500.0,
        -23.286487568511347
      ],
      [
        0.0,
        -500.0,
        -37.34008240801738
      ],
      [
        0.0,
        -500.0,
        -35.21624688342399
      ],
      [
        0.0,
        -500.0,
        -16.725336916240696
      ],
      [
        0.0,
        -500.0,
        -13.493619374074822
      ],
      [
        0.0,
        -500.0,
        -10.118862578761355
      ],
      [
        0.0,
        -500.0,
        -9.429120019173437
      ],
      [
        0.0,
        -500.0,
        -4.5533205666661285
      ],
      [
        0.0,
        -500.0,
        -5.441400918164702
      ],
      [
        0.0,
        -500.0,
        -4.8656141331296165
      ],
      [
        0.0,
        -500.0,
        -16.725336916240693
      ],
      [
        0.0,
        -500.0,
        -13.493619374074825
      ],
      [
        0.0,
        -500.0,
        -10.118862578761355
      ],
      [
        0.0,
        -500.0,
        -9.429120019173437
      ],
      [
        0.0,
        -500.0,
        -4.553320566666129
      ],
      [
        0.0,
        -500.0,
        -5.4414009181647005
      ],
      [
        0.0,
        -500.0,
        -4.865614133129616
      ]
    ]
  },
  "gait_params": {
    "target_speed": 0.5,
    "frequency_hz": 1.2960921558296645,
    "hip_swing": 0.0954761506847576,
    "knee_base": 0.23165021209654055,
    "knee_swing": 0.119735610008505,
    "hip_bias": -0.013657651013218863,
    "lateral_shift": 0.11010972085365418,
    "velocity_gain": 0.09020069575951398,
    "pitch_gain": 0.2861563370537825,
    "roll_hip_gain": 0.5076319119415711,
    "roll_rate_hip_gain": -0.09576991047256994,
    "roll_ankle_gain": -0.3196651435132898,
    "roll_rate_ankle_gain": -0.011928052693877866,
    "ankle_knee_coupling": 0.5889311970340689,
    "toe_pitch": -0.10888728617797443,
    "ramp_start_s": 0.2,
    "ramp_duration_s": 1.0
  }
}